{
    "@context": [
        "https://w3id.org/ro/crate/1.1/context",
        "https://w3id.org/ro/terms/workflow-run"
    ],
    "@graph": [
        {
            "@id": "./",
            "@type": "Dataset",
            "conformsTo": [
                {
                    "@id": "https://w3id.org/ro/wfrun/process/0.1"
                },
                {
                    "@id": "https://w3id.org/ro/wfrun/workflow/0.1"
                },
                {
                    "@id": "https://w3id.org/ro/wfrun/provenance/0.1"
                },
                {
                    "@id": "https://w3id.org/workflowhub/workflow-ro-crate/1.0"
                }
            ],
            "datePublished": "2024-12-12T08:01:17+00:00",
            "hasPart": [
                {
                    "@id": "packed.cwl"
                },
                {
                    "@id": "327fc7aedf4f6b69a42a7c8b808dc5a7aff61376"
                },
                {
                    "@id": "b9214658cc453331b62c2282b772a5c063dbd284"
                },
                {
                    "@id": "97fe1b50b4582cebc7d853796ebd62e3e163aa3f"
                },
                {
                    "@id": "primary-job.json"
                }
            ],
            "mainEntity": {
                "@id": "packed.cwl"
            },
            "mentions": [
                {
                    "@id": "#8227932a-9fc5-480e-9a20-776c68434500"
                }
            ]
        },
        {
            "@id": "ro-crate-metadata.json",
            "@type": "CreativeWork",
            "about": {
                "@id": "./"
            },
            "conformsTo": [
                {
                    "@id": "https://w3id.org/ro/crate/1.1"
                },
                {
                    "@id": "https://w3id.org/workflowhub/workflow-ro-crate/1.0"
                }
            ]
        },
        {
            "@id": "https://w3id.org/ro/wfrun/process/0.1",
            "@type": "CreativeWork",
            "name": "Process Run Crate",
            "version": "0.1"
        },
        {
            "@id": "https://w3id.org/ro/wfrun/workflow/0.1",
            "@type": "CreativeWork",
            "name": "Workflow Run Crate",
            "version": "0.1"
        },
        {
            "@id": "https://w3id.org/ro/wfrun/provenance/0.1",
            "@type": "CreativeWork",
            "name": "Provenance Run Crate",
            "version": "0.1"
        },
        {
            "@id": "https://w3id.org/workflowhub/workflow-ro-crate/1.0",
            "@type": "CreativeWork",
            "name": "Workflow RO-Crate",
            "version": "1.0"
        },
        {
            "@id": "packed.cwl",
            "@type": [
                "File",
                "SoftwareSourceCode",
                "ComputationalWorkflow",
                "HowTo"
            ],
            "connection": [
                {
                    "@id": "#1a073363-be18-4df4-8282-b565d4394811"
                }
            ],
            "description": "Reverse the lines in a document, then sort those lines.",
            "hasPart": [
                {
                    "@id": "packed.cwl#revtool.cwl"
                },
                {
                    "@id": "packed.cwl#sorttool.cwl"
                }
            ],
            "input": [
                {
                    "@id": "packed.cwl#main/input"
                },
                {
                    "@id": "packed.cwl#main/reverse_sort"
                }
            ],
            "name": "packed.cwl",
            "output": [
                {
                    "@id": "packed.cwl#main/output"
                }
            ],
            "programmingLanguage": {
                "@id": "https://w3id.org/workflowhub/workflow-ro-crate#cwl"
            },
            "step": [
                {
                    "@id": "packed.cwl#main/rev"
                },
                {
                    "@id": "packed.cwl#main/sorted"
                }
            ]
        },
        {
            "@id": "https://w3id.org/workflowhub/workflow-ro-crate#cwl",
            "@type": "ComputerLanguage",
            "alternateName": "CWL",
            "identifier": {
                "@id": "https://w3id.org/cwl/v1.0/"
            },
            "name": "Common Workflow Language",
            "url": {
                "@id": "https://www.commonwl.org/"
            },
            "version": "v1.0"
        },
        {
            "@id": "packed.cwl#main/input",
            "@type": "FormalParameter",
            "additionalType": "File",
            "defaultValue": "file:///home/stain/src/cwltool/tests/wf/hello.txt",
            "description": "The input file to be processed.",
            "encodingFormat": "https://www.iana.org/assignments/media-types/text/plain",
            "name": "input"
        },
        {
            "@id": "packed.cwl#main/reverse_sort",
            "@type": "FormalParameter",
            "additionalType": "Boolean",
            "defaultValue": "True",
            "description": "If true, reverse (decending) sort",
            "name": "reverse_sort"
        },
        {
            "@id": "packed.cwl#main/output",
            "@type": "FormalParameter",
            "additionalType": "File",
            "description": "The output with the lines reversed and sorted.",
            "name": "output"
        },
        {
            "@id": "packed.cwl#main/rev",
            "@type": "HowToStep",
            "connection": [
                {
                    "@id": "#82ac8919-f088-4ce6-b8f2-d301c845d2a5"
                }
            ],
            "position": "0",
            "workExample": {
                "@id": "packed.cwl#revtool.cwl"
            }
        },
        {
            "@id": "packed.cwl#revtool.cwl",
            "@type": "SoftwareApplication",
            "description": "Reverse each line using the `rev` command",
            "input": [
                {
                    "@id": "packed.cwl#revtool.cwl/input"
                }
            ],
            "name": "revtool.cwl",
            "output": [
                {
                    "@id": "packed.cwl#revtool.cwl/output"
                }
            ]
        },
        {
            "@id": "packed.cwl#revtool.cwl/input",
            "@type": "FormalParameter",
            "additionalType": "File",
            "name": "input"
        },
        {
            "@id": "packed.cwl#revtool.cwl/output",
            "@type": "FormalParameter",
            "additionalType": "File",
            "name": "output"
        },
        {
            "@id": "packed.cwl#main/sorted",
            "@type": "HowToStep",
            "connection": [
                {
                    "@id": "#ef6e40b6-5a11-4a1f-98cc-84b57b777eb7"
                },
                {
                    "@id": "#3692c737-5af9-4177-8a6b-10d094948ac4"
                }
            ],
            "position": "1",
            "workExample": {
                "@id": "packed.cwl#sorttool.cwl"
            }
        },
        {
            "@id": "packed.cwl#sorttool.cwl",
            "@type": "SoftwareApplication",
            "description": "Sort lines using the `sort` command",
            "input": [
                {
                    "@id": "packed.cwl#sorttool.cwl/reverse"
                },
                {
                    "@id": "packed.cwl#sorttool.cwl/input"
                }
            ],
            "name": "sorttool.cwl",
            "output": [
                {
                    "@id": "packed.cwl#sorttool.cwl/output"
                }
            ]
        },
        {
            "@id": "packed.cwl#sorttool.cwl/reverse",
            "@type": "FormalParameter",
            "additionalType": "Boolean",
            "name": "reverse"
        },
        {
            "@id": "packed.cwl#sorttool.cwl/input",
            "@type": "FormalParameter",
            "additionalType": "File",
            "name": "input"
        },
        {
            "@id": "packed.cwl#sorttool.cwl/output",
            "@type": "FormalParameter",
            "additionalType": "File",
            "name": "output"
        },
        {
            "@id": "#82ac8919-f088-4ce6-b8f2-d301c845d2a5",
            "@type": "ParameterConnection",
            "sourceParameter": {
                "@id": "packed.cwl#main/input"
            },
            "targetParameter": {
                "@id": "packed.cwl#revtool.cwl/input"
            }
        },
        {
            "@id": "#ef6e40b6-5a11-4a1f-98cc-84b57b777eb7",
            "@type": "ParameterConnection",
            "sourceParameter": {
                "@id": "packed.cwl#revtool.cwl/output"
            },
            "targetParameter": {
                "@id": "packed.cwl#sorttool.cwl/input"
            }
        },
        {
            "@id": "#3692c737-5af9-4177-8a6b-10d094948ac4",
            "@type": "ParameterConnection",
            "sourceParameter": {
                "@id": "packed.cwl#main/reverse_sort"
            },
            "targetParameter": {
                "@id": "packed.cwl#sorttool.cwl/reverse"
            }
        },
        {
            "@id": "#1a073363-be18-4df4-8282-b565d4394811",
            "@type": "ParameterConnection",
            "sourceParameter": {
                "@id": "packed.cwl#sorttool.cwl/output"
            },
            "targetParameter": {
                "@id": "packed.cwl#main/output"
            }
        },
        {
            "@id": "#0a635de2-1408-4ec8-a580-8c83ac39e856",
            "@type": "SoftwareApplication",
            "name": "cwltool 1.0.20181012180214"
        },
        {
            "@id": "#bb754253-2fd3-4192-b883-4e7b55a03bb1",
            "@type": "OrganizeAction",
            "agent": {
                "@id": "https://orcid.org/0000-0001-9842-9718"
            },
            "instrument": {
                "@id": "#0a635de2-1408-4ec8-a580-8c83ac39e856"
            },
            "name": "Run of cwltool 1.0.20181012180214",
            "object": [
                {
                    "@id": "#f9dfb836-db3f-43bb-9db1-fa0d9da2a051"
                },
                {
                    "@id": "#b05bd5cb-de89-4ccc-ac4b-d9bd984a7e87"
                }
            ],
            "result": {
                "@id": "#8227932a-9fc5-480e-9a20-776c68434500"
            },
            "startTime": "2018-10-25T15:46:35.210973"
        },
        {
            "@id": "https://orcid.org/0000-0001-9842-9718",
            "@type": "Person",
            "name": "Stian Soiland-Reyes"
        },
        {
            "@id": "#8227932a-9fc5-480e-9a20-776c68434500",
            "@type": "CreateAction",
            "endTime": "2018-10-25T15:46:43.020168",
            "instrument": {
                "@id": "packed.cwl"
            },
            "name": "Run of workflow/packed.cwl#main",
            "object": [
                {
                    "@id": "327fc7aedf4f6b69a42a7c8b808dc5a7aff61376"
                },
                {
                    "@id": "#pv-main/reverse_sort"
                }
            ],
            "result": [
                {
                    "@id": "b9214658cc453331b62c2282b772a5c063dbd284"
                }
            ],
            "startTime": "2018-10-25T15:46:35.211153"
        },
        {
            "@id": "327fc7aedf4f6b69a42a7c8b808dc5a7aff61376",
            "@type": "File",
            "alternateName": "whale.txt",
            "contentSize": "1111",
            "encodingFormat": "https://www.iana.org/assignments/media-types/text/plain",
            "exampleOfWork": [
                {
                    "@id": "packed.cwl#revtool.cwl/input"
                },
                {
                    "@id": "packed.cwl#main/input"
                }
            ],
            "sha1": "327fc7aedf4f6b69a42a7c8b808dc5a7aff61376"
        },
        {
            "@id": "#pv-main/reverse_sort",
            "@type": "PropertyValue",
            "exampleOfWork": {
                "@id": "packed.cwl#main/reverse_sort"
            },
            "name": "reverse_sort",
            "value": "True"
        },
        {
            "@id": "b9214658cc453331b62c2282b772a5c063dbd284",
            "@type": "File",
            "alternateName": "output.txt",
            "contentSize": "1111",
            "dateCreated": "2018-10-25T15:46:38.058365",
            "exampleOfWork": [
                {
                    "@id": "packed.cwl#main/output"
                },
                {
                    "@id": "packed.cwl#sorttool.cwl/output"
                }
            ],
            "sha1": "b9214658cc453331b62c2282b772a5c063dbd284"
        },
        {
            "@id": "#f2f3c66b-71c4-435a-b0f5-3452eea9ca94",
            "@type": "CreateAction",
            "containerImage": {
                "@id": "#9031259b-073d-4464-9d8b-573b9cee1c44"
            },
            "endTime": "2018-10-25T15:46:36.967359",
            "instrument": {
                "@id": "packed.cwl#revtool.cwl"
            },
            "name": "Run of workflow/packed.cwl#main/rev",
            "object": [
                {
                    "@id": "327fc7aedf4f6b69a42a7c8b808dc5a7aff61376"
                }
            ],
            "result": [
                {
                    "@id": "97fe1b50b4582cebc7d853796ebd62e3e163aa3f"
                }
            ],
            "startTime": "2018-10-25T15:46:35.314101"
        },
        {
            "@id": "#f9dfb836-db3f-43bb-9db1-fa0d9da2a051",
            "@type": "ControlAction",
            "instrument": {
                "@id": "packed.cwl#main/rev"
            },
            "name": "orchestrate revtool.cwl",
            "object": {
                "@id": "#f2f3c66b-71c4-435a-b0f5-3452eea9ca94"
            }
        },
        {
            "@id": "97fe1b50b4582cebc7d853796ebd62e3e163aa3f",
            "@type": "File",
            "alternateName": "output.txt",
            "contentSize": "1111",
            "dateCreated": "2018-10-25T15:46:36.963254",
            "exampleOfWork": [
                {
                    "@id": "packed.cwl#sorttool.cwl/input"
                },
                {
                    "@id": "packed.cwl#revtool.cwl/output"
                }
            ],
            "sha1": "97fe1b50b4582cebc7d853796ebd62e3e163aa3f"
        },
        {
            "@id": "#9031259b-073d-4464-9d8b-573b9cee1c44",
            "@type": "ContainerImage",
            "additionalType": {
                "@id": "https://w3id.org/ro/terms/workflow-run#DockerImage"
            },
            "name": "debian",
            "registry": "docker.io",
            "tag": "8"
        },
        {
            "@id": "#4d499279-eb37-47a5-aa9c-b59786d677c1",
            "@type": "CreateAction",
            "containerImage": {
                "@id": "#c9816763-77e0-4f9b-a154-a45ca96716e2"
            },
            "endTime": "2018-10-25T15:46:38.069110",
            "instrument": {
                "@id": "packed.cwl#sorttool.cwl"
            },
            "name": "Run of workflow/packed.cwl#main/sorted",
            "object": [
                {
                    "@id": "97fe1b50b4582cebc7d853796ebd62e3e163aa3f"
                },
                {
                    "@id": "#pv-main/sorted/reverse"
                }
            ],
            "result": [
                {
                    "@id": "b9214658cc453331b62c2282b772a5c063dbd284"
                }
            ],
            "startTime": "2018-10-25T15:46:36.975235"
        },
        {
            "@id": "#b05bd5cb-de89-4ccc-ac4b-d9bd984a7e87",
            "@type": "ControlAction",
            "instrument": {
                "@id": "packed.cwl#main/sorted"
            },
            "name": "orchestrate sorttool.cwl",
            "object": {
                "@id": "#4d499279-eb37-47a5-aa9c-b59786d677c1"
            }
        },
        {
            "@id": "#pv-main/sorted/reverse",
            "@type": "PropertyValue",
            "exampleOfWork": {
                "@id": "packed.cwl#sorttool.cwl/reverse"
            },
            "name": "reverse",
            "value": "True"
        },
        {
            "@id": "#c9816763-77e0-4f9b-a154-a45ca96716e2",
            "@type": "ContainerImage",
            "additionalType": {
                "@id": "https://w3id.org/ro/terms/workflow-run#DockerImage"
            },
            "name": "debian",
            "registry": "docker.io",
            "tag": "8"
        },
        {
            "@id": "primary-job.json",
            "@type": "File",
            "encodingFormat": "application/json",
            "name": "input object document"
        }
    ]
}